<ui:UiBinder xmlns:ui='urn:ui:com.google.gwt.uibinder'
             xmlns:g='urn:import:com.google.gwt.user.client.ui'>
    <ui:with field="wp" type="edu.stanford.bmir.protege.web.resources.WebProtegeClientBundle"/>
    <ui:with field="msg" type="edu.stanford.bmir.protege.web.client.Messages"/>
    <ui:style>
        .container {
            display: flex;
            flex-direction: column;
            flex-grow: 0;
        }
        .addButton {
            margin-top: 2px;
        }
    </ui:style>
    <g:HTMLPanel>
        <g:Button ui:field="moveUpButton" title="{msg.list_moveUp}" visible="false" addStyleNames="{wp.buttons.upButton}"/>
        <g:Button ui:field="moveDownButton" title="{msg.list_moveDown}" visible="false" addStyleNames="{wp.buttons.downButton}"/>
        <g:FlowPanel addStyleNames="{style.container} {wp.valueList.valueList}" ui:field="container">
        </g:FlowPanel>
        <g:Button title="{msg.add}" visible="false" addStyleNames="{wp.buttons.addButton} {style.addButton}" ui:field="addButton">
        </g:Button>
    </g:HTMLPanel>
</ui:UiBinder>