<ui:UiBinder xmlns:ui='urn:ui:com.google.gwt.uibinder'
             xmlns:g='urn:import:com.google.gwt.user.client.ui'
             xmlns:pagination="urn:import:edu.stanford.bmir.protege.web.client.pagination"
             xmlns:list="urn:import:edu.stanford.bmir.protege.web.client.list">
    <ui:style>
        .listViewContainer {
            display: flex;
            flex-direction: column;
            position: absolute;
            top: 0;
            bottom: 0;
            left: 0;
            right: 0;
        }
        .elementList {
            flex-grow: 1;
            flex-shrink: 0;
        }
        .paginator {
            flex-grow: 0;
            flex-shrink: 0;
            background-color: literal("var(--inlay-panel--background-color)");
        }

    </ui:style>
    <g:HTMLPanel addStyleNames="{style.listViewContainer}">
        <!--<g:ScrollPanel addStyleNames="{style.elementList}">-->
            <list:ListBox ui:field="elementList" addStyleNames="{style.elementList}"/>
        <!--</g:ScrollPanel>-->

        <g:HTMLPanel addStyleNames="{style.paginator}">
            <pagination:PaginatorView ui:field="paginatorView"/>
        </g:HTMLPanel>

    </g:HTMLPanel>
</ui:UiBinder>