<ui:UiBinder xmlns:ui='urn:ui:com.google.gwt.uibinder'
             xmlns:g='urn:import:com.google.gwt.user.client.ui'>
    <ui:with field="wp" type="edu.stanford.bmir.protege.web.resources.WebProtegeClientBundle"/>
    <ui:style>
        .main {
            width: 600px;
        }
    </ui:style>
    <g:HTMLPanel addStyleNames="{style.main}">
        <g:Label ui:field="helpTextField" visible="false"/>
        <div class="{wp.style.formGroup}">
            <g:SimplePanel ui:field="container"/>
        </div>
    </g:HTMLPanel>
</ui:UiBinder>