<ui:UiBinder xmlns:ui='urn:ui:com.google.gwt.uibinder'
             xmlns:g='urn:import:com.google.gwt.user.client.ui'
             xmlns:primitive="urn:import:edu.stanford.bmir.protege.web.client.primitive">
    <ui:with field="wp" type="edu.stanford.bmir.protege.web.resources.WebProtegeClientBundle"/>
    <ui:with field="msg" type="edu.stanford.bmir.protege.web.client.Messages"/>
    <ui:style>
        .valueEditor {
            display: flex;
            flex-direction: row;
        }
        .lexicalEditor {
            flex-grow: 1;
            flex-shrink: 1;
        }
        .langEditor {
            flex-grow: 0;
            flex-shrink: 0;
            margin-left: 2px;
            width: literal("var(--lang-field--width)");
        }
    </ui:style>
    <g:HTMLPanel addStyleNames="{wp.style.form}">
        <g:Label text="This action will set the annotation value for the current entuity selection to the specified value.
        Any existing annotations on this property will be replaced by this new value.  If an entity does not currently have
an annotation on the specified property then one will be created." addStyleNames="{wp.style.formTextBlock}"/>
        <div class="{wp.style.formGroup}">
            <g:Label text="Annotation property" addStyleNames="{wp.style.formLabel}"/>
            <primitive:PrimitiveDataEditorImpl ui:field="propertyField" annotationPropertiesAllowed="true"/>
            <g:Label text="Specify the annotation property whose value will be set" addStyleNames="{wp.style.formHelpText}"/>
        </div>
        <div class="{wp.style.formGroup}">
            <g:Label text="Value" addStyleNames="{wp.style.formLabel}"/>
            <g:HTMLPanel addStyleNames="{style.valueEditor} {wp.style.formStretch}">
                <primitive:PrimitiveDataEditorImpl ui:field="valueField" mode="MULTI_LINE" literalAllowed="true" iRIAllowed="true" addStyleNames="{style.lexicalEditor}"/>
                <primitive:DefaultLanguageEditor ui:field="langEditor" addStyleNames="{style.langEditor}" placeholder="{msg.frame_lang}"/>
            </g:HTMLPanel>
        </div>
    </g:HTMLPanel>
</ui:UiBinder>