<ui:UiBinder xmlns:ui='urn:ui:com.google.gwt.uibinder'
             xmlns:g='urn:import:com.google.gwt.user.client.ui'>
    <ui:with field="wp" type="edu.stanford.bmir.protege.web.resources.WebProtegeClientBundle"/>
    <g:HTMLPanel>
        <g:HTMLPanel addStyleNames="{wp.style.formGroup}">
            <g:Label text="Default IRI Prefix" addStyleNames="{wp.style.formLabel}"/>
            <g:TextBox ui:field="fallbackPrefix"/>
        </g:HTMLPanel>
       <g:HTMLPanel addStyleNames="{wp.style.formGroup}">
            <g:Label text="Conditional IRI Prefix Rules" addStyleNames="{wp.style.formLabel}"/>
           <g:HTMLPanel addStyleNames="{wp.style.formGroup}">
               <g:Label text="Rules are matched in the order specified.  Rules specifying more specific match-conditions should be specified first."/>
           </g:HTMLPanel>
           <g:SimplePanel ui:field="conditionalPrefixesViewContainer"/>
        </g:HTMLPanel>

    </g:HTMLPanel>
</ui:UiBinder>
