<ui:UiBinder xmlns:ui='urn:ui:com.google.gwt.uibinder'
             xmlns:g='urn:import:com.google.gwt.user.client.ui'
             xmlns:text="urn:import:edu.stanford.bmir.protege.web.client.library.text">

    <ui:with field="wp" type="edu.stanford.bmir.protege.web.resources.WebProtegeClientBundle"/>
    <ui:import field="edu.stanford.bmir.protege.web.client.app.SchemeValue.*"/>
    <ui:style>
        .checkBox {
            display:        block;
            padding-top:    5px;
            padding-bottom: 5px;
        }
    </ui:style>

    <g:HTMLPanel addStyleNames="{wp.style.form}">
        <div class="{wp.style.formGroup}">
            <g:Label text="Account Creation" addStyleNames="{wp.style.formLabel}"/>
            <g:HTMLPanel addStyleNames="{wp.style.formCheckBox}">
                <g:CheckBox ui:field="accountCreationEnabledCheckBox" text="Account creation enabled"
                            addStyleNames="{style.checkBox}"/>
            </g:HTMLPanel>
        </div>
        <div class="{wp.style.formGroup}">
            <g:Label text="Project Creation and Upload" addStyleNames="{wp.style.formLabel}"/>
            <g:HTMLPanel addStyleNames="{wp.style.formGroup}">
                <div class="{wp.style.formCheckBox}">
                    <g:CheckBox ui:field="projectCreationEnabledCheckBox" text="Project creation enabled"
                                addStyleNames="{style.checkBox}"/>
                </div>

                <div class="{wp.style.formCheckBox}">
                    <g:CheckBox ui:field="projectUploadEnabledCheckBox" text="Project upload enabled"
                                addStyleNames="{style.checkBox}"/>
                </div>
            </g:HTMLPanel>
            <div class="{wp.style.formGroup}">
                <g:Label text="Max upload size (MB)" addStyleNames="{wp.style.formLabel}"/>
                <text:PlaceholderTextBox ui:field="maxUploadSize" width="100%"
                                         placeholder="Enter max upload size in Megabytes (MB).  Leave blank for no limit."/>
            </div>
        </div>

    </g:HTMLPanel>
</ui:UiBinder>