<ui:UiBinder xmlns:ui='urn:ui:com.google.gwt.uibinder'
             xmlns:g='urn:import:com.google.gwt.user.client.ui'>
    <ui:with field="msg" type="edu.stanford.bmir.protege.web.client.Messages"/>
    <ui:style>
        .main {
            display: flex;
        }
        .labelHolder {
            flex-grow: 1;
            position: absolute;
            top: 0;
            left: 0;
            bottom: 0;
            right: 0;
            margin: 20px;
            border: 8px dashed literal("var(--placeholder--color)");
            border-radius: 30px;
        }
        .label {
            color: literal("var(--placeholder--color)");
            font-size: 20px;
            text-align: center;
            top: 45%;
            height: 1em;
            bottom: 0;
            left: 0;
            right: 0;
            position: absolute;
        }
    </ui:style>
    <g:HTMLPanel addStyleNames="{style.main}">
        <g:HTMLPanel addStyleNames="{style.labelHolder}">
            <g:Label text="{msg.nothingSelected}" addStyleNames="{style.label}"/>
        </g:HTMLPanel>
    </g:HTMLPanel>
</ui:UiBinder>