<ui:UiBinder xmlns:ui='urn:ui:com.google.gwt.uibinder'
             xmlns:g='urn:import:com.google.gwt.user.client.ui'
             xmlns:text="urn:import:edu.stanford.bmir.protege.web.client.library.text"
             xmlns:primitive="urn:import:edu.stanford.bmir.protege.web.client.primitive">
    <ui:with field="msg" type="edu.stanford.bmir.protege.web.client.Messages"/>
    <ui:with field="wp" type="edu.stanford.bmir.protege.web.resources.WebProtegeClientBundle"/>
    <ui:style>
        .langTagField {
            flex-grow: 1;
            flex-shrink: 1;
        }
        .resetButton {
            flex-grow: 0;
            flex-shrink: 0;
            margin-left: 7px;
        }
        .langTagPanel {
            display: flex;
            flex-direction: row;
        }
        .warningField {
            margin-top: 20px;
        }
    </ui:style>
    <g:HTMLPanel>
        <div class="{wp.style.formGroup}">
            <g:Label text="Names" ui:field="entityNamesLabel" addStyleNames="{wp.style.formLabel}"/>
            <text:ExpandingTextBoxImpl ui:field="textBox"
                                       mode="MULTI_LINE"
                                       anchorVisible="false"/>
            <g:Label addStyleNames="{wp.style.formHelpText}"
                     text="{msg.createEntityInstructions}"/>
        </div>
        <div class="{wp.style.formGroup}">
            <g:Label text="Language Tag" addStyleNames="{wp.style.formLabel}"/>
            <g:HTMLPanel addStyleNames="{style.langTagPanel} {wp.style.formInputGroup}">
                <primitive:DefaultLanguageEditor ui:field="langField" addStyleNames="{style.langTagField}"/>
                <div class="{wp.style.formAfterInput}">
                    <g:Button ui:field="resetButton" text="Reset"
                              addStyleNames="{wp.buttons.button} {wp.buttons.inputButton}"/>
                </div>
            </g:HTMLPanel>
            <g:Label text="Leave blank for no language tag.  Press 'Reset' to reset the language tag to the project default." addStyleNames="{wp.style.formHelpText}"/>
            <g:HTML ui:field="noDisplayLangTagWarningField"
                     visible="false"
                     addStyleNames="{wp.style.warningLabel} {style.warningField}"/>
        </div>
    </g:HTMLPanel>
</ui:UiBinder>