<ui:UiBinder xmlns:ui='urn:ui:com.google.gwt.uibinder'
             xmlns:g='urn:import:com.google.gwt.user.client.ui'>
    <ui:with field="wp" type="edu.stanford.bmir.protege.web.resources.WebProtegeClientBundle"/>
    <ui:style>
        .radios {
            margin-top: 0.5em;
        }
    </ui:style>
    <g:HTMLPanel>
        <g:HTMLPanel addStyleNames="{wp.style.formGroup}">
            <g:Label text="UUID Format" addStyleNames="{wp.style.formLabel}"/>
            <g:HTMLPanel addStyleNames="{wp.style.formGroup}">
                <g:Label addStyleNames="{wp.style.formHelpText}"
                         text="UUIDs can either be formatted using the standard 8-4-4-4-12 hexadecimal format (for example 177d9f04-f085-4534-be1f-8619aa5f0c4d) or they can be formatted using a more compact base-62 format (for example R7mObnJgew2oAJOx1xiWMb8)"/>
                <g:HTMLPanel addStyleNames="{style.radios}">
                    <g:RadioButton ui:field="standardRadio" name="uuid-format" text="Standard"/>
                    <g:RadioButton ui:field="base62Radio" name="uuid-format" text="Base-62" checked="true"/>
                </g:HTMLPanel>
            </g:HTMLPanel>
        </g:HTMLPanel>
    </g:HTMLPanel>
</ui:UiBinder>
